font,ma,pinyin
頁,bdo,助记：本「ben」地「di」野「頁」猫「mao」
尸,bha,助记：不「bu」好「hao」使「尸」
,bha,助记：㊟同「尸」归并
,bha,助记：㊟同「尸」归并
,bi,助记：白「bai」衣「」
,bi,助记：㊟同「」归并
,bi,助记：㊟同「」归并
三,bja,助记：北「bei」京「jing」三「san」环
古,bje,助记：北「bei」街「jie」鼓「古」王
厂,bla,助记：玻「bo」璃「li」厂「chang」
丆,bla,助记：㊟同「厂」归并
广,bne,助记：还没想好怎么编
隹,bo,助记：还没想好怎么编
王,bu,助记：巴音布「bu」鲁克之王
石,cha,助记：插「cha」屎「石」
亠,ci,助记：刺「ci」头「亠Tóu」
女,ci,助记：雌「ci」
囗,cko,助记：吃「chi」一大口「kou」
辰,cla,助记：灿「c」烂「lan」星辰
夭,cle,助记：虫「chong」类「lei」妖「夭」怪
欠,cna,助记：「cnma」还钱「欠」
臼,co,助记：还没想好怎么编
,co,助记：㊟同「臼」归并
乂,cu,助记：错「cuo」
,cu,助记：㊟同「乂」归并
至,dfo,助记：还没想好怎么编
其,dhe,助记：打「da」和「he」棋「其」
冖,di,助记：低「di」帽沿
,di,助记：㊟同「冖」归并
,di,助记：㊟同「冖」归并
土,di,助记：地「di」图「土」
士,du,助记：毒「du」士
豸,djo,助记：大「da」脚「jiao」豸
戈,dka,助记：打「da」卡「ka」戈壁滩
鹿,dla,助记：大「da」露「鹿lu」台「tai」
,dla,助记：㊟同「鹿」归并
,dle,助记：打「da」雷「lei」爲了下雨
尤,dna,助记：冻「dong」奶「nai」油「尤」
尢,do,助记：do you「尢Yóu」 know？
夕,dno,助记：还没想好怎么编
巴,fa,助记：飞「fei」吧「巴ba」
一,fi,助记：风「feng」衣「一yi」
丬,fi,助记：飞「fei」盘「丬Pán」
已,fle,助记：福「fu」利「li」而「er」已
之,fo,助记：一票否「fou」之
木,fu,助记：伐「fa」木「mu」
朩,fu,助记：㊟同「木」归并
车,ghe,助记：公「gong」车「che」
耳,gje,助记：高「gao」级「ji」耳「er」环
亦,gle,助记：还没想好怎么编
,gle,助记：㊟同「亦」归并
心,gma,助记：玩「game」就开「kai」心
,ga,助记：嘎「ga」了心
勹,go,助记：跟「癶」「正」一样
,go,助记：㊟同「勹」归并
,go,助记：㊟同「勹」归并
正,go,助记：公「gong」正
癶,go,助记：跟「勹」「正」一样
,go,助记：㊟同「癶」归并
高,gpe,助记：高「gao」配「pei」
,gpe,助记：㊟同「高」归并
,gpe,助记：㊟同「高」归并
,ge,助记：比「高」少一码
,ge,助记：㊟同「」归并
骨,gpu,助记：光「guang」屁「pi」股「骨gu」
咼,gsi,助记：还没想好怎么编
,gsi,助记：㊟同「咼」归并
习,gu,助记：古「gu」稀「习」
禺,hbi,助记：还没想好怎么编
了,hdi,助记：很「hen」低「di」了
子,hsi,助记：还「hai」是「shi」个孩子
孑,hgo,助记：很「hen」高「gao」洁「孑」
予,hi,助记：黑「hei」鱼「予」
方,hdo,助记：跟「耂」一样
耂,hdo,助记：跟「方」一样
凵,he,助记：很「hen」浅「凵qiǎn」
丩,he,助记：㊟同「凵」归并
,he,助记：㊟同「凵」归并
屮,hwi,助记：还没想好怎么编
丱,hwi,助记：㊟同「屮」归并
丁,hfo,助记：还没想好怎么编
丅,hfo,助记：㊟同「丁」归并
,hfo,助记：㊟同「丁」归并
下,ha,助记：还没想好怎么编
贝,hgi,助记：还没想好怎么编
丰,ho,助记：丰厚「hou」
,ho,助记：后「hou」手「」
,hru,助记：好「h」软「ruan」的刀「」
早,hvi,助记：还没想好怎么编
舟,hvu,助记：还没想好怎么编
毛,hwu,助记：喝「he」五「wu」毛钱的
斤,hxo,助记：还没想好怎么编
,ja,助记：跟「生」「」「」一样
生,ja,助记：助记：夹「jia」生
见,jdi,助记：见「jian」地「di」
戊,jdo,助记：还没想好怎么编
丨,je,助记：跟「丷」「宀」一样
〢,je,助记：㊟同「丨」归并
〣,je,助记：㊟同「丨」归并
丷,je,助记：跟「丨」「宀」一样
,je,助记：㊟同「丷」归并
,je,助记：㊟同「丷」归并
,ja,助记：跟「」「生」「」一样
寸,jfo,助记：还没想好怎么编
,ja,助记：跟「」「生」「」一样
且,jgi,助记：禁「jin」止苟「gou」且「qie」
,jgi,助记：㊟同「且」归并
彳,ji,助记：比「亍」少一码
,ji,助记：㊟同「彳」归并
亍,jdi,助记：跟「见」一样
穴,jle,助记：比「宀」多了「le」一码
宀,je,助记：跟「丨」「丷」一样
,jlu,助记：嫁「jia」了「le」猪「zhù」
长,jri,助记：节「j」日「ri」长假
马,jro,助记：金「jin」融「rong」马
业,jsi,助记：叫「jiao」四「si」爷「业」
,jvi,助记：还没想好怎么编
,jwe,助记：还没想好怎么编
示,jbo,助记：还没想好怎么编
,jbo,助记：㊟同「示」归并
,ka,助记：跟「西」一样
,ka,助记：㊟同「」归并
西,ka,助记：卡卡「ka」西
酉,kva,助记：比「西」多一码
雨,kbi,助记：还没想好怎么编
夊,kci,助记：还没想好怎么编
攵,kci,助记：㊟同「夊」归并
页,kdo,助记：还没想好怎么编
,ke,助记：跟「丶」一样
丶,ke,助记：跟「」一样
乀,ke,助记：㊟同「丶」归并
止,kfa,助记：还没想好怎么编
,kfa,助记：㊟同「止」归并
齒,ktu,助记：还没想好怎么编
夫,kfo,助记：可「ke」否「fou」做我夫人
,kfo,助记：㊟同「夫」归并
皮,kgi,助记：啃「ken」瓜「gua」皮「pi」
文,kgu,助记：看「kan」古「gu」文
,ki,助记：还没想好怎么编
疒,kla,助记：看「kan」老「lao」毛病
不,ksi,助记：可「ke」不是「shi」
身,ksu,助记：身体可「ke」塑「su」性
里,kvo,助记：还没想好怎么编
羊,kwe,助记：烤「kao」羊尾「wei」
,kwe,助记：㊟同「羊」归并
,kwe,助记：㊟同「羊」归并
,ko,助记：比「羊」少一码
,kwi,助记：还没想好怎么编
,kwi,助记：㊟同「」归并
,kwi,助记：㊟同「」归并
未,kxi,助记：还没想好怎么编
末,kre,助记：还没想好怎么编
日,la,助记：拉「la」日铁路
曰,lwi,助记：老「lao」忘「wang」子「zi」曰
,la,助记：㊟同「日」归并
,la,助记：㊟同「日」归并
气,lco,助记：老「lao」操「cao」心就会生气
兀,ldi,助记：还没想好怎么编
丌,ldu,助记：还没想好怎么编
,ldu,助记：㊟同「丌」归并
辶,le,助记：还没想好怎么编
⻍,le,助记：㊟同「辶」归并
舌,lfe,助记：老「lao」费「fei」舌头了
金,li,助记：礼「li」金
户,lro,助记：还没想好怎么编
戸,lro,助记：㊟同「户」归并
卩,lru,助记：还没想好怎么编
,lru,助记：㊟同「卩」归并
㔾,lru,助记：㊟同「卩」归并
米,lsi,助记：老「lao」粟「su」米「mi」
七,lti,助记：还没想好怎么编
,lti,助记：㊟同「七」归并
弋,ltu,助记：还没想好怎么编
大,lwo,助记：还没想好怎么编
亥,lxo,助记：还没想好怎么编
,ma,助记：蚂「ma」蚁「yì」
匕,ma,助记：麻「ma」痹「匕」
,ma,助记：㊟同「匕」归并
川,mci,助记：还没想好怎么编
巛,mci,助记：㊟同「川」归并
巜,mci,助记：㊟同「川」归并
儿,mco,助记：还没想好怎么编
,mco,助记：㊟同「儿」归并
,mco,助记：㊟同「儿」归并
世,mdo,助记：还没想好怎么编
厶,me,助记：没「mei」死「厶sī」
,me,助记：没「mei」死「纟sī」
,me,助记：㊟同「」归并
彐,mfi,助记：还没想好怎么编
,mfi,助记：㊟同「彐」归并
肀,mfi,助记：㊟同「彐」归并
隶,mfi,助记：㊟同「彐」归并
合,mgi,助记：还没想好怎么编
,mgi,助记：㊟同「合」归并
僉,mme,助记：还没想好怎么编
,mgi,助记：㊟同「合」归并
丑,mle,助记：丑麻「ma」了「le」
,mla,助记：五毛「mao」钱辣「la」椒
鳥,mpe,助记：还没想好怎么编
,mpe,助记：㊟同「鳥」归并
烏,mje,助记：还没想好怎么编
,mje,助记：㊟同「烏」归并
長,mri,助记：还没想好怎么编
镸,mri,助记：㊟同「長」归并
髟,mti,助记：还没想好怎么编
來,mru,助记：还没想好怎么编
革,msi,助记：还没想好怎么编
食,mvi,助记：还没想好怎么编
千,mwe,助记：没「mei」有一文「wen」钱「千」
,mwe,助记：㊟同「千」归并
亡,mwo,助记：还没想好怎么编
,mbo,助记：还没想好怎么编
几,nbi,助记：还没想好怎么编
殳,ngo,助记：还没想好怎么编
風,nqu,助记：还没想好怎么编
丂,ndo,助记：跟「手」一样
,ndo,助记：㊟同「丂」归并
手,ndo,助记：你「ni」别动「dong」手
,ndo,助记：㊟同「手」归并
也,ne,助记：牛「niu」爷「也ye」
乜,nfe,助记：比「也」多一码
犬,nfi,助记：还没想好怎么编
飛,nfo,助记：还没想好怎么编
,ngi,助记：㊟同「」归并
,ngi,助记：还没想好怎么编
,ni,助记：泥「ni」人
戶,nro,助记：还没想好怎么编
小,nsi,助记：还没想好怎么编
⺌,nsi,助记：㊟同「小」归并
,nsi,助记：㊟同「小」归并
,ni,助记：比「小」少一码
,ni,助记：㊟同「」归并
尚,nvo,助记：还没想好怎么编
,nvo,助记：㊟同「尚」归并
而,nwi,助记：还没想好怎么编
目,nwu,助记：还没想好怎么编
糸,pa,助记：怕「pa」死「糸sī」
,pa,助记：㊟同「糸」归并
彑,pdi,助记：还没想好怎么编
,pdi,助记：㊟同「彑」归并
見,pdi,助记：还没想好怎么编
八,pe,助记：赔「pei」八倍
卜,pfo,助记：还没想好怎么编
,pfo,助记：㊟同「卜」归并
,pa,助记：还没想好怎么编
鹵,pwe,助记：品「pin」尝卤「鹵」味「wei」
由,pgu,助记：萍「ping」果「guo」油「由」
申,pgo,助记：还没想好怎么编
电,pvu,助记：还没想好怎么编
,pi,助记：还没想好怎么编
馬,pro,助记：被迫「po」戎「rong」馬
,pro,助记：㊟同「馬」归并
爪,pu,助记：噗「pu」地一爪
瓜,pwu,助记：劈「pi」乌「wu」瓜
鬼,pvo,助记：还没想好怎么编
,pvo,助记：㊟同「鬼」归并
干,pxu,助记：还没想好怎么编
貝,qgi,助记：还没想好怎么编
艹,qi,助记：芹「qin」菜
廾,qi,助记：㊟同「艹」归并
卅,qmi,助记：比「艹」多一码
卌,qi,助记：七「qi」夕「卌xì」
,qi,助记：㊟同「卌」归并
,qi,助记：㊟同「卌」归并
,qi,助记：㊟同「卌」归并
刀,qji,助记：欠「qian」几「ji」刀
廴,qla,助记：还没想好怎么编
艮,qne,助记：还没想好怎么编
,qne,助记：㊟同「艮」归并
又,qo,助记：还没想好怎么编
山,rhe,助记：人「ren」和「he」山
月,ri,助记：日「ri」月
,ri,助记：㊟同「月」归并
力,rjo,助记：还没想好怎么编
卯,rli,助记：日「ri」历「li」卯年
,rli,助记：㊟同「卯」归并
,ri,助记：跟「月」一样
,ri,助记：跟「月」一样
,ri,助记：跟「月」一样
,ri,助记：跟「月」一样
走,rme,助记：人「ren」没「mei」走
白,rne,助记：这人「ren」好白呢「ne」
,rme,助记：跟「走」一样
鱼,rpe,助记：让「rang」你赔「pei」鱼
上,ru,助记：如「ru」上
丄,ru,助记：㊟同「上」归并
,ru,助记：㊟同「上」归并
壬,rwi,助记：人「壬ren」为「wei」
九,rye,助记：闰「run」九月「yue」
曲,sgi,助记：还没想好怎么编
,sgi,助记：㊟同「曲」归并
入,sja,助记：三「san」过家「jia」门而不入
乃,sko,助记：嗦「suo」一口「kou」乃
弓,sle,助记：一弓射死「si」了「le」
牙,sme,助记：什「shen」么「me」牙口
向,sne,助记：还没想好怎么编
,sne,助记：㊟同「向」归并
,sne,助记：㊟同「向」归并
口,so,助记：松「song」口
〇,so,助记：㊟同「口」归并
乙,su,助记：素「su」衣「乙」
亅,su,助记：㊟同「乙」归并
,su,助记：㊟同「乙」归并
,su,助记：㊟同「乙」归并
,su,助记：㊟同「乙」归并
,su,助记：㊟同「乙」归并
,su,助记：㊟同「乙」归并
,su,助记：㊟同「乙」归并
,su,助记：㊟同「乙」归并
乚,su,助记：㊟同「乙」归并
,su,助记：㊟同「乙」归并
,su,助记：㊟同「乙」归并
,su,助记：㊟同「乙」归并
,su,助记：㊟同「乙」归并
車,the,助记：通「tong」車「che」
,the,助记：㊟同「車」归并
,the,助记：㊟同「車」归并
言,ti,助记：体「ti」验「言」
,ti,助记：跟「言」一样
門,tje,助记：偷偷「tou」进「jin」門「men」
鬥,tja,助记：还没想好怎么编
豕,tke,助记：还没想好怎么编
,tke,助记：㊟同「豕」归并
矢,tli,助记：还没想好怎么编
禾,tna,助记：偷「tou」拿「na」盒「禾」子
工,to,助记：偷「tou」工减料
牛,tpa,助记：偷「tou」跑「pao」牛
,ta,助记：比「牛」少一码
,tu,助记：还没想好怎么编
,tu,助记：㊟同「」归并
甲,twu,助记：特「te」务「wu」甲
竹,va,助记：还没想好怎么编
,va,助记：㊟同「竹」归并
,va,助记：㊟同「竹」归并
立,vhe,助记：为「v」何「he」起立
辛,vpe,助记：还没想好怎么编
火,vi,助记：还没想好怎么编
灬,vhe,助记：为「v」何「he」飙「灬biāo」车
门,vje,助记：未「v」进「jin」门「men」
二,vke,助记：还没想好怎么编
,vke,助记：㊟同「二」归并
,vke,助记：㊟同「二」归并
⺀,vke,助记：㊟同「二」归并
黑,vne,助记：还没想好怎么编
十,vu,助记：十乌「vu」当空
甫,vxo,助记：还没想好怎么编
冊,vye,助记：还没想好怎么编
,vye,助记：㊟同「冊」归并
丿,wi,助记：跟「人」一样
,wu,助记：2「」+3「彡」=5「wu」
彡,wu,助记：2「」+3「彡」=5「wu」
人,wi,助记：伟「wei」人
,wi,助记：为「wei」了钱
自,wke,助记：还没想好怎么编
缶,wle,助记：还没想好怎么编
用,wo,助记：无「wu」用「yong」
魚,wpe,助记：我「wo」赔「pei」魚
瓦,wro,助记：还没想好怎么编
,xe,助记：还没想好怎么编
田,xke,助记：还没想好怎么编
匚,xle,助记：跟「己」一样
,xle,助记：㊟同「匚」归并
己,xle,助记：跟「匚」一样
水,xme,助记：还没想好怎么编
氺,xme,助记：㊟同「水」归并
鸟,xpe,助记：还没想好怎么编
,xpe,助记：㊟同「鸟」归并
乌,xje,助记：还没想好怎么编
臣,xu,助记：还没想好怎么编
,xvu,助记：还没想好怎么编
,xvu,助记：㊟同「」归并
幺,xyo,助记：小「xiao」幺「yao」
虫,ya,助记：牙「ya」虫
非,ybu,助记：还没想好怎么编
麻,yci,助记：还没想好怎么编
虎,ydo,助记：远「yuan」东「dong」巨虎
虍,ydo,助记：㊟同「虎」归并
,ydo,助记：㊟同「虎」归并
,ye,助记：野「ye」鼠「」
甶,ye,助记：耶「ye」夫「甶fú」
,ye,助记：㊟同「甶」归并
足,ye,助记：月「yue」租「足」
皿,yfo,助记：还没想好怎么编
罒,yfo,助记：㊟同「皿」归并
,yi,助记：青「」衣「yi」
,yi,助记：㊟同「」归并
冂,ysu,助记：还没想好怎么编
,ysu,助记：㊟同「冂」归并
,ysu,助记：㊟同「冂」归并
巳,yti,助记：还没想好怎么编
,yti,助记：㊟同「巳」归并
巾,yvo,助记：还没想好怎么编
片,ywi,助记：要「y」文「wei」艺片
爿,yye,助记：还没想好怎么编
面,ywu,助记：还没想好怎么编
母,yxo,助记：还没想好怎么编
,yxo,助记：㊟同「母」归并
